IK;Name;gültig_ab;gültig_bis;IK_RNF
103489460;KEH Ersatzkasse;01.10.1995;31.12.2007;105379202
103521632;LOGISTIK BKK -OST-;01.01.1991;30.06.2009;103523440
103521789;INOVITA BKK/OST;01.10.1993;31.12.2009;104921650
103523565;Continentale BKK/Ost;01.07.1992;31.12.2008;103523440
103524101;BKK BJB;01.01.1900;30.09.2015;103724272
103524372;BKK Ruhrgebiet;01.03.1943;30.06.2009;104526376
103524383;BKK Aktiv;01.01.1900;30.06.2009;104526376
103524430;LOGISTIK BKK;01.01.1900;30.06.2009;103523440
103524522;BKK Hoesch;01.01.1900;30.09.2012;104526376
103524942;abc BKK;01.01.1900;31.07.2009;104491707
103525419;INOVITA BKK;01.01.1900;31.12.2009;104926494
103525954;BKK FALKE;01.10.1953;31.12.2008;103524522
103526432;BKK Sauerland;01.10.1955;30.06.2009;103523440
103526897;BKK Dematic;01.01.1900;30.09.2009;104491707
103527466;BKK Waldrich Siegen;12.06.1924;31.12.2007;103525567
103528274;BKK Hoesch/Ost;01.07.1993;30.09.2012;104529255
103529457;BKK Aktiv/Ost;01.01.2003;30.06.2009;104529255
103720018;BKK Deutsche BP AG;01.01.2004;31.12.2009;104526376
103720962;BKK Deutsche BP AG/Ost;01.01.2004;31.12.2009;104529255
103726069;BKK Lafarge Dachsysteme;01.01.1900;31.12.2008;103725547
103726092;BKK OWL / Drabert-Direkt;01.01.1955;31.12.2008;103726081
104437993;NOVITAS BKK;01.10.2003;01.10.2003;104491707
104621588;BAYER BKK - OST;01.01.1991;30.06.2007;106492406
104621942;BKK Rheinland/Ost;01.01.1991;31.12.2007;104628609
104624411;BKK Rheinland;01.07.1952;31.12.2007;104625753
104624901;BKK Pfeifer & Langen;01.01.1900;31.12.2011;104127692
104625753;BKK Ford & Rheinland;01.04.1952;31.12.2009;106492393
104625924;BAYER BKK;01.01.1900;30.06.2007;106492393
104626889;BKK Basell;01.10.1959;31.12.2015;109723913
104627129;BKK Goetze & Partner;01.04.1901;31.12.2009;106492393
104628609;BKK Ford & Rheinland/Ost;01.01.2003;31.12.2009;106492406
104691275;BKK Ford & Rheinland/Ost;01.01.2003;31.12.2009;106492406
104821604;Kaiser's BKK/Ost;01.01.1991;31.12.2007;108223858
104826197;BKK futur;01.01.1903;31.12.2011;109723913
104826836;Kaiser's BKK;01.01.1900;31.12.2007;108433248
104892110;BKK futur (Proj. ZOM);15.07.2004;15.07.2004;104826197
104892358;BKK futur Mitarbeiterkasse;01.02.2007;01.02.2007;104826197
104892369;BKK futur/Ost;01.06.2010;31.12.2011;109737010
104921650;Vaillant BKK/OST;01.01.1991;30.09.2015;106492406
104923151;BKK Vorwerk & Co. KG/Ost;01.12.1991;30.09.2008;104927020
104926494;Vaillant BKK;01.04.1953;30.09.2015;106492393
104926520;BKK Barmag-Steinmüller;01.04.1953;31.03.2009;104239915
104926757;BKK Krups/Zwilling;01.01.1971;30.06.2007;104526376
104927020;BKK Vorwerk & Co. KG;01.01.1900;30.09.2008;104127692
104927064;BKK DELPHI;01.04.1952;31.03.2008;109939003
105089461;KEH Ersatzkasse;01.10.1995;31.12.2007;105379224
105189462;KEH Ersatzkasse;01.10.1995;31.12.2007;105379202
105230383;BKK ENKA;01.04.1904;31.12.2010;105330191
105230418;BANK BKK;01.01.1996;01.07.2010;105330191
105230463;BKK Opel;01.01.1900;31.12.2003;103524383
105330066;BKK Ost-Hessen;01.01.1900;31.12.2009;107536262
105330179;BANK BKK;01.03.1924;01.07.2010;105330191
105379202;KEH Ersatzkasse;01.10.1995;31.12.2007;101520078
105379224;KEH Ersatzkasse;01.10.1995;31.12.2007;102192471
105392539;Salus BKK Wahltarif;01.01.2008;01.01.2008;105330168
105392540;Salus BKK/Ost Wahltarif;01.01.2008;01.01.2008;105321269
105530262;BANK BKK;01.04.1996;01.07.2010;105330191
105530342;Gothaer BKK;01.01.1900;30.09.2008;109939003
105723312;BKK PricewaterhouseCoopers;01.03.2010;01.03.2010;105723301
105792156;BKK Ernst & Young/Ost;01.04.2005;31.12.2008;105732324
105792203;BKK PricewaterhouseCoopers/Ost;01.03.2010;01.03.2010;105792190
105830232;BANK BKK;01.07.1998;01.07.2010;105330191
106224387;BKK Aktiv;01.01.2004;01.01.2004;103524383
106229304;BKK advita;01.10.2003;01.10.2003;108029306
103726263;BKK Westfalen-Lippe;01.01.1900;30.09.2010;104526376
103736722;BKK HMR/Ost;01.01.2000;01.01.2009;103725547
103792572;BKK HMR Wahltarif;01.01.2008;01.01.2008;103725547
103792663;BKK Miele Wahltarif;01.01.2009;01.01.2009;103725364
104089468;KEH Ersatzkasse;01.10.1995;31.12.2007;105379202
104124597;BKK Heimbach;01.01.1900;31.12.2013;104127692
104224703;BKK Mannesmann;01.01.1900;31.12.2007;104526376
104227728;BKK Mannesmann;01.01.1991;31.12.2007;104224703
104227739;BKK Mannesmann;01.01.1991;31.12.2007;104224703
104227751;BKK Mannesmann;01.01.1991;31.12.2007;104224703
104227773;BKK Mannesmann;01.01.1991;31.12.2007;104224703
104227784;BKK Mannesmann;01.01.1991;31.12.2007;104224703
104227795;BKK Mannesmann;01.01.1991;31.12.2007;104224703
104228796;BKK Mannesmann/Ost;01.04.1994;31.12.2007;104529255
104229321;BKK Mannesmann;01.04.1995;31.12.2007;104224703
104230734;BKK Mannesmann;01.02.1996;31.12.2007;104224703
104230745;BKK Mannesmann/Ost;01.01.1996;31.12.2007;104228796
104234863;BKK Mannesmann;01.10.1999;31.12.2007;104224703
104234921;BKK Mannesmann/Ost;01.10.1999;31.12.2007;104228796
104234932;BKK Mannesmann;01.10.1999;31.12.2007;104224703
104234943;BKK Mannesmann;01.10.1999;31.12.2007;104224703
104424794;BKK DEMAG KRAUSS-MAFFEI;01.01.1900;31.12.2015;109723913
104427582;UPM BKK Gst. Walsum;01.01.1997;01.01.1997;109131438
104428480;BKK DEMAG KRAUSS-MAFFEI/Ost;01.01.1994;31.12.2015;109737010
100189461;KEH Ersatzkasse;01.10.1995;31.12.2007;105379224
100323099;DRÄGER & HANSE BKK;01.01.2003;31.03.2011;104529255
100589465;KEH Ersatzkasse;01.10.1995;31.12.2007;105379224
100989469;KEH Ersatzkasse;01.10.1995;31.12.2007;105379224
101131921;Mitteldeutsche BKK;01.04.1997;30.06.2009;109737010
101132294;Mitteldeutsche BKK-West;01.08.1998;30.06.2009;109723913
101320043;BKK S-H;01.01.1998;31.12.2015;109723913
101320247;BKK Stadt Lübeck;01.01.1900;31.12.2007;108035612
101320270;BKK AHLMANN;01.01.1900;31.12.2009;103121013
101320338;DRÄGER & HANSE BKK/West;01.01.2003;31.03.2011;104526376
101332332;BKK Gruner + Jahr;01.01.1999;31.12.2008;104491707
101389465;KEH Ersatzkasse;01.10.1995;31.12.2007;105379202
101391700;NOVITAS BKK;01.01.2009;01.01.2009;104491707
101391711;NOVITAS BKK/Ost;01.01.2009;01.01.2009;104491718
101392164;SECURVITA BKK (IGV);01.02.2005;01.02.2005;101320032
101392222;SECURVITA BKK;01.07.2005;01.07.2005;101320032
101392255;SECURVITA BKK Abr.-IK;01.01.2006;01.01.2006;101320032
101392266;SECURVITA BKK/Ost Abr.-IK;01.01.2006;01.01.2006;101320942
101392368;BKK S-H;01.04.2007;01.04.2007;101320043
101392380;BKK AHLMANN;01.04.2007;31.12.2009;103192656
101392460;SECURVITA BKK/Ost;01.09.2007;01.09.2007;101320942
101392518;BKK Gruner + Jahr;01.01.2008;31.12.2008;101332332
101520012;BKK Deutsche BP AG;01.04.1955;31.12.2009;104526376
101520090;BKK NORDD. AFFINERIE;01.01.1900;31.03.2009;104491707
101520181;BKK PHOENIX;01.01.1900;30.06.2014;101391700
101520329;ESSO BKK;01.10.1952;31.12.2014;101391700
101520966;BKK DEUTSCHE BP AG/OST;01.01.1991;31.12.2009;104529255
101521547;ESSO BKK/OST;01.01.1991;31.12.2014;101391700
101523297;BKK Philips;14.04.1993;31.12.2008;103523440
101538012;CITY BKK;01.01.2004;01.01.2004;109538019
101589467;KEH Ersatzkasse;01.10.1995;31.12.2007;105379202
101592371;BKK Philips;01.04.2007;31.12.2008;101523297
101592554;BKK NORDD. AFFINERIE;01.01.2008;01.01.2008;101520090
101592587;BKK PHOENIX Wahltarif;01.08.2008;01.08.2008;101520181
101789469;KEH Ersatzkasse;01.10.1995;31.12.2007;105379202
101822610;BKK DER PARTNER;01.01.1999;01.01.1999;102522653
101892147;UPM BKK Gst. Nordland;01.01.2006;01.01.2006;109131438
101921299;Deutsche BKK/Ost;01.01.2003;01.01.2003;109921296
101936606;BKK FTE WEST (Abr.-IK);01.01.2007;30.09.2010;108534160
101937424;BKK FTE OST (Abr.-IK);01.01.2007;01.01.2007;108837428
101939006;Deutsche BKK;01.01.2003;01.01.2003;109939003
101992035;BKK publik;01.04.2004;01.04.2004;101931440
102023626;Gothaer BKK/Ost;01.01.2002;30.09.2008;109921296
102030340;Gothaer BKK;01.01.2002;30.09.2008;105530342
102120076;BKK MOBIL OIL;01.04.2002;01.04.2002;101520078
102122374;BKK Continental;01.01.1900;30.06.2007;102522653
102122476;enercity BKK Stadtwerke Ha. AG;01.01.1900;31.12.2008;108591499
102129941;energie-BKK;01.01.1996;01.01.1996;102129930
102129952;energie-BKK;01.01.1996;01.01.1996;102129930
102129963;energie-BKK;01.01.1996;01.01.1996;102129930
102131455;energie-BKK;01.01.1997;01.01.1997;102129930
102131466;energie-BKK;01.01.1996;01.01.1996;102129930
102132070;energie-BKK;01.01.1998;01.01.1998;102129930
102132081;energie-BKK;01.01.1998;01.01.1998;102129930
102132218;energie-BKK;01.04.1998;01.04.1998;102129930
102136746;energie-BKK;01.08.2000;01.08.2000;102129930
102137462;energie-BKK;01.01.2001;01.01.2001;102129930
102192426;BKK DER PARTNER/OST;01.07.2007;01.07.2007;102121863
102192459;BKK 24;01.07.2007;01.07.2007;102122660
102192471;BKK MOBIL OIL/Ost;01.01.2008;09.12.2012;101520078
103089466;KEH Ersatzkasse;01.10.1995;31.12.2007;105379202
103192656;atlas BKK ahlmann Wahltarif;01.01.2009;01.01.2009;103121013
106229451;BKK Aktiv/Ost;01.01.2004;01.01.2004;103529457
106231295;BKK advita/Ost;01.10.2003;01.10.2003;108031297
106289465;KEH Ersatzkasse;01.10.1995;31.12.2007;105379202
106329566;BKK ZF & Partner;01.01.2008;01.01.2008;107829563
106329577;BKK ZF & Partner Ost;01.01.2008;01.01.2008;107829574
106329793;BKK RHEIN-LAHN;01.01.1996;31.12.2007;107829563
106329862;BKK RHEIN-LAHN OST;01.01.1996;31.12.2007;107829574
106389466;KEH Ersatzkasse;01.10.1995;31.12.2007;105379202
106421228;FORTISNOVA BKK/Ost;01.01.1991;30.06.2007;106492406
106423630;G+H-BKK/Ost;01.07.1992;31.12.2008;106437453
106428247;advita BKK;01.04.1995;31.12.2008;108029306
106428292;advita BKK/Ost;01.10.1993;31.12.2008;108031297
106431663;G+H-BKK;01.01.1950;31.12.2008;106431652
106431685;FORTISNOVA BKK gesund & aktiv;01.01.1900;30.06.2007;106492393
106489467;KEH Ersatzkasse;01.10.1995;31.12.2007;105379202
106589468;KEH Ersatzkasse;01.10.1995;31.12.2007;105379202
106789460;KEH Ersatzkasse;01.10.1995;31.12.2007;105379202
107023228;BKK Rhein-Neckar/Ost;01.07.1996;31.12.2008;108023139
107031126;BKK Rhein-Neckar;01.07.1996;31.12.2008;108035451
107289467;KEH Ersatzkasse;01.10.1995;31.12.2007;105379224
107389468;KEH Ersatzkasse;01.10.1995;31.12.2007;105379202
107429785;BKK Hochrhein-Wiesental;01.01.1996;30.09.2007;108035612
107531405;BKK sports direkt;01.01.1997;31.03.2009;104239915
107729631;BKK firmus/Ost;01.01.2003;01.01.2003;102529638
107889463;KEH Ersatzkasse;01.10.1995;31.12.2007;105379202
107923192;BKK MEDICUS;01.04.1992;31.12.2014;109723913
107931170;BKK Goetze & Partner/Ost;01.06.1996;31.12.2009;106492406
107934550;BKK MEDICUS WEST;01.08.1999;31.12.2014;109723913
108023139;neue bkk / Ost;01.01.1999;31.12.2009;108223858
108029373;BKK advita VSt Wetzlar;01.01.1995;01.01.1995;108029306
108029384;BKK advita VSt Grünenplan;01.01.1995;01.01.1995;108029306
108029395;BKK advita VSt Mainz;01.01.1995;01.01.1995;108029306
108029408;BKK advita VSt Zwiesel;01.01.1995;01.01.1995;108029306
108029419;BKK advita VSt Göttingen;01.01.1995;01.01.1995;108029306
108029420;BKK advita VSt Oberkochen;01.01.1995;01.01.1995;108029306
108029431;BKK advita Mitarbeiter;01.01.1995;01.01.1995;108029306
108030786;Daimler BKK;01.04.1996;01.04.1996;108030775
108030797;Daimler BKK;01.04.1996;01.04.1996;108030775
108030800;Daimler BKK;01.04.1996;01.04.1996;108030775
108030811;Daimler BKK;01.04.1996;01.04.1996;108030775
108030822;Daimler BKK;01.09.2000;01.09.2000;108030775
108031914;Daimler BKK;01.01.1997;01.01.1997;108030775
108032458;Daimler BKK;01.03.1999;01.03.1999;108030775
108032469;Daimler BKK;01.03.1999;01.03.1999;108030775
108032470;Daimler BKK;01.03.1999;01.03.1999;108030775
108036098;BKK Württ.Schwesternschaft;31.12.1962;31.12.2007;108036123
108037099;Daimler BKK;01.09.2000;01.09.2000;108030775
108037102;Daimler BKK;01.09.2000;01.09.2000;108030775
108037113;Daimler BKK;01.09.2000;01.09.2000;108030775
108037124;Daimler BKK;01.09.2000;01.09.2000;108030775
108037135;Daimler BKK;01.09.2000;01.09.2000;108030775
108037146;Daimler BKK;01.09.2000;01.09.2000;108030775
108037157;Daimler BKK;01.09.2000;01.09.2000;108030775
108038012;CITY BKK Abr.-IK;01.08.2008;01.08.2008;109538019
108038089;Daimler BKK Ost Berlin;01.07.2001;01.07.2001;108038078
108038090;Daimler BKK Ost Leipzig;01.07.2001;01.07.2001;108038078
108038103;Daimler BKK Ost Ludwigsfelde;01.07.2001;01.07.2001;108038078
108039650;Daimler BKK;01.07.2002;01.07.2002;108030775
108039661;Daimler BKK;01.06.2002;01.06.2002;108030775
108089467;KEH Ersatzkasse;01.10.1995;31.12.2007;105379202
108091030;Daimler BKK;01.11.2002;01.11.2002;108030775
108091041;Daimler BKK;01.11.2002;01.11.2002;108030775
108092133;CITY BKK/Ost Abr.-IK;01.08.2008;01.08.2008;101592133
108092177;mhplus BKK PERSONALKASSE;01.04.2005;01.04.2005;108035612
108092202;mhplus BKK PERSONALKASSE/Ost;01.07.2005;01.07.2005;108034508
108092623;BKK advita VSt Frankenthal;01.01.2009;01.01.2009;108029306
108092634;BKK advita VSt Pegnitz;01.01.2009;01.01.2009;108029306
108092645;BKK advita/Ost VSt Halle;01.01.2009;01.01.2009;108031297
108389460;KEH Ersatzkasse;01.10.1995;31.12.2007;105379202
108428515;BKK MAN UND MTU MUENCHEN;01.07.1994;01.07.1994;108433204
108428980;HYPOVEREINSBANK BKK;01.09.1994;31.12.2014;101520078
108428991;HYPOVEREINSBANK BKK/Ost;01.09.1994;31.12.2014;101520078
108429060;BKK MAN UND MTU MUENCHEN;01.07.1994;01.07.1994;108433204
108429106;BKK MAN UND MTU MUENCHEN;01.10.1994;01.10.1994;108433204
108431406;BKK sports direkt Abr.-IK;01.01.2007;01.01.2007;107531405
108433099;BKK Schwesternschaft v. BRK;01.07.1961;31.12.2012;108591499
108433204;BKK MAN UND MTU MUENCHEN;01.04.1956;31.12.2011;108534160
108434318;BKK MAN UND MTU MUENCHEN -OST-;01.01.1991;31.12.2011;108837428
108491329;HYPOVEREINSBANK BKK NETZ-PPÄV;01.07.2003;31.12.2007;108428980
108491330;BKK Schwesternsch. NETZ-PPÄV;01.07.2003;31.12.2007;108433099
108491341;BKK AKS NETZ-PPÄV;01.07.2003;31.12.2007;109129662
108491352;mhplus BKK NETZ-PPÄV;01.07.2003;31.12.2007;108035612
108491363;energie-BKK NETZ-PPÄV;01.07.2003;31.12.2007;102129930
108491374;neue bkk NETZ-PPÄV;01.07.2003;31.12.2007;108035451
108491409;BKK Deutsche Bank AG NETZ-PPÄV;01.07.2003;31.12.2007;104224634
108491410;BKK Akzo Nobel -Bayern- PPÄV;01.07.2003;31.12.2007;108833355
108491421;BKK DEMAG KRAUSS-M NETZ-PPÄV;01.07.2003;31.12.2007;104424794
108491443;BKK MOBIL OIL NETZ-PPÄV;01.07.2003;31.12.2007;101520078
108491454;BKK ESSANELLE NETZ-PPÄV;01.10.2004;31.12.2007;104239915
108491740;Autoclub BKK;01.12.2003;30.06.2009;108633433
108491751;BKK Kassana/Ost;01.12.2003;31.12.2010;108633433
108491819;Autoclub BKK NETZ-PPÄV;01.01.2004;31.12.2007;108491740
108491875;BKK 24 NETZ-PPÄV;01.01.2004;31.12.2007;102122660
108492320;BKK salvina/Ost;01.01.2007;31.12.2010;108633433
108492331;BKK salvina;01.01.2007;31.12.2010;108633433
108492569;HYPOVEREINSBANK BKK;01.04.2008;01.04.2008;108428980
108528286;PBK -DIE PERSÖNLICHE BKK-/Ost;01.01.2006;31.12.2008;108591503
108532794;PBK -DIE PERSÖNLICHE BKK-;01.01.1900;31.12.2008;108591499
108533476;UPM BKK Gst. Schongau;01.01.1997;01.01.1997;109131438
108592241;PBK -DIE PERSÖNLICHE BKK-/Ost;01.01.2006;31.12.2008;108528286
108623102;Brose BKK;01.01.1992;31.12.2007;108833505
108632784;BKK Waldrich Coburg;01.04.1958;31.12.2007;108532794
108633433;BKK Kassana;01.01.1900;31.12.2014;107832012
108723249;BKK N-ERGIE;01.04.1992;30.09.2010;104526376
108729018;BKK Provita;01.01.1900;31.12.2007;108532794
108729553;Bavaria BKK;01.01.1996;31.12.2006;104239915
108732171;BKK Provita/Ost;01.01.1998;31.12.2007;108528286
108732525;BKK Oechsler;01.01.1900;31.12.2007;108532794
108836600;BKK FTE;01.12.1999;30.09.2010;108534160
108837758;BKK FTE Baden-Württemberg;01.01.2001;30.09.2007;108836600
108837769;BKK FTE Bayern;01.01.2001;30.09.2007;108836600
108837770;BKK FTE Nordrhein-Westfalen;01.01.2001;30.09.2007;108836600
108837781;BKK FTE Niedersachsen;01.01.2001;30.09.2007;108836600
108837792;BKK FTE Hessen;01.01.2001;30.09.2007;108836600
108837805;BKK FTE Thüringen;01.01.2001;30.09.2007;108837428
108837816;BKK FTE Brandenburg;01.01.2001;30.09.2007;108837428
108839464;BKK FTE Schoedel;01.01.2002;30.09.2010;108534160
108891517;neue bkk NETZ-PNWÜ;01.10.2003;01.10.2003;108035451
108891528;BKK AKS NETZ-PNWÜ;01.10.2003;31.12.2007;109129662
108891539;BKK MOBIL OIL NETZ-PNWÜ;01.10.2003;01.10.2003;101520078
108891540;BKK Schwesternsch. NETZ-PNWÜ;01.10.2003;01.10.2003;108433099
108891562;BKK N-ERGIE NETZ-PNWÜ;01.10.2003;30.09.2010;104526376
108891573;BKK ESSANELLE NETZ-PNWÜ;01.10.2004;01.10.2004;104239915
108891584;BKK DEMAG KRAUSS-MAF NETZ-PNWÜ;01.10.2003;01.10.2003;104424794
108891595;SKD BKK NETZ-PNWÜ;01.10.2003;01.10.2003;108833505
108891608;BKK KBA NETZ-PNWÜ;01.10.2003;01.10.2003;108833674
108891619;energie-BKK NETZ-PNWÜ;01.10.2003;01.10.2003;102129930
108891631;mhplus BKK NETZ-PNWÜ;01.10.2003;01.10.2003;108035612
108891653;HYPOVEREINSBANK BKK NETZ-PNWÜ;01.10.2003;01.10.2003;108428980
108891802;Autoclub BKK NETZ-PNWÜ;01.01.2004;01.01.2004;108491740
108891960;BKK 24 NETZ-PNWÜ;01.01.2004;01.01.2004;102122660
108891982;BKK Akzo Nobel -Bayern- PNWÜ;01.01.2004;01.01.2004;108833355
108928736;BKK Krones Vst. Nittenau;01.02.1994;01.02.1994;108934142
108933049;BKK Schott-Rohrglas;01.01.1900;31.12.2011;108591499
108938681;BKK ESSANELLE NETZ-MQR;01.10.2004;31.12.2007;104239915
108938705;SBK NETZ-MQR;01.10.2001;31.12.2007;108433248
108938716;BKK AKS NETZ-MQR;01.10.2001;31.12.2007;109129662
108938727;BKK Krones NETZ-MQR;01.10.2001;31.12.2007;108934142
108938794;BKK ESSANELLE NETZ-ÄON;01.10.2004;31.12.2007;104239915
108938818;SBK NETZ-ÄON;01.10.2001;31.12.2007;108433248
108938829;BKK AKS NETZ-ÄON;01.10.2001;31.12.2007;109129662
108938932;BKK Faber-Castell&Partner MQR;01.10.2001;31.12.2007;109033393
108938943;Schwenninger BKK NETZ-MQR;01.10.2001;31.12.2007;107536262
108938954;mhplus BKK NETZ-MQR;01.10.2001;31.12.2007;108035612
108938998;BKK Faber-Castell&PartnerÄVON;01.10.2001;31.12.2007;109033393
108939238;Schwenninger BKK NETZ-ÄVON;01.10.2001;31.12.2007;107536262
108939249;mhplus BKK NETZ-ÄVON;01.10.2001;31.12.2007;108035612
108939330;BKK Krones NETZ-ÄVON;01.01.2002;31.12.2007;108934142
108939363;BKK SCHOTT-ROHRGLAS NETZ-ÄVON;01.01.2002;31.12.2007;108933049
108939432;HYPOVEREINSBANK BKK NETZ-ÄON;01.10.2001;31.12.2007;108428980
108939502;Audi BKK NETZ-ÄON;01.10.2001;31.12.2007;108534160
108939535;BAHN-BKK NETZ-MQR;01.01.2002;31.12.2007;109938503
108939546;BAHN-BKK NETZ-ÄVON;01.01.2002;31.12.2007;109938503
108939615;Audi BKK NETZ-MQR;01.10.2001;31.12.2007;108534160
108939626;HYPOVEREINSBANK BKK NETZ-MQR;01.10.2001;31.12.2007;108428980
108939648;BKK BMW NETZ-MQR;01.02.2002;31.12.2007;109034270
108939944;energie-BKK NETZ-ÄVON;01.10.2002;31.12.2007;102129930
108939966;energie-BKK NETZ-MQR;01.10.2002;31.12.2007;102129930
108991073;BKK MOBIL OIL NETZ-MQR;01.01.2003;31.12.2007;101520078
108991084;BKK MOBIL OIL NETZ-ÄVON;01.01.2003;31.12.2007;101520078
108991119;neue bkk NETZ-MQR;01.01.2003;31.12.2007;108035451
108991120;neue bkk NETZ-ÄVON;01.01.2003;31.12.2007;108035451
108991142;BKK Akzo Nobel -Bayern- ÄVON;01.01.2003;31.12.2007;108833355
108991197;BKK DEMAG KRAUSS-M NETZ-ÄVON;01.01.2003;31.12.2007;104424794
108991255;BKK DEMAG KRAUSS-M NETZ-MQR;01.01.2003;31.12.2007;104424794
108991836;Autoclub BKK NETZ-ÄVON;01.01.2004;31.12.2007;108491740
108991858;Autoclub BKK NETZ-MQR;01.01.2004;31.12.2007;108491740
108991916;BKK 24 NETZ-MQR;01.01.2004;31.12.2007;102122660
108991949;BKK 24 NETZ-ÄVON;01.01.2004;31.12.2007;102122660
109028524;BMW BKK Gst. Dingolfing;01.07.1990;01.07.1990;109034270
109028535;BMW BKK Gst. München;01.07.1990;01.07.1990;109034270
109028546;BMW BKK Gst. Regensburg;01.07.1990;01.07.1990;109034270
109028557;BMW BKK Gst. Rgb./Wackersdorf;01.07.1990;01.07.1990;109034270
109028568;BMW BKK Gst. Landshut;01.07.1990;01.07.1990;109034270
109028579;BMW BKK Gst. Berlin;01.07.1990;01.07.1990;109034270
109028580;BMW BKK Spez. Mitgliederkreis;01.01.1991;01.01.1991;109034270
109028591;BMW BKK Spez. Versicherte;01.01.1991;01.01.1991;109034270
109034964;BKK Faber-Castell & Partner;01.01.2000;01.01.2000;109033393
109034975;BKK Faber-Castell & Partner;01.01.2000;01.01.2000;109033393
109037488;BKK Faber-Castell & Partner;01.01.2001;01.01.2001;109033393
109037569;BKK Faber-Castell & Partner;01.01.2001;01.01.2001;109033393
109092000;BKK Faber-Castell & Partner;01.01.2004;01.01.2004;109033393
109129662;BKK AKS;01.01.1996;31.12.2007;104239915
109131438;UPM Betriebskrankenkasse;01.01.1997;30.06.2009;108433248
109132280;UPM Betriebskrankenkasse/Ost;01.01.1999;30.06.2009;108223858
109132623;UPM BKK Gst. Augsburg;01.01.1997;01.01.1997;109131438
109139915;BKK ESSANELLE;01.01.2004;01.01.2004;104239915
109139926;BKK ESSANELLE Ost;01.01.2004;01.01.2004;104239926
109331908;BKK ZF Getriebe GmbH;01.05.1989;31.12.2008;107829563
109389462;KEH Ersatzkasse;01.10.1995;31.12.2007;105379202
109530692;BKK BVM;01.01.1996;31.12.2008;109939708
109530943;BKK BVM;01.01.1996;31.12.2008;109939708
109530976;BKK futur;01.01.1996;01.01.1996;104826197
109531045;BKK Salzgitter;01.01.1996;01.01.1996;101922757
109531090;BMW BKK Praxisn. Berlin;01.01.1996;01.01.1996;109034270
109531114;BKK Verkehrsbau Union;01.01.1996;01.01.1996;109723913
109531136;Daimler BKK;01.04.1996;01.04.1996;108030775
109531272;BAHN-BKK PRAXISNETZ;01.01.1996;01.01.1996;109938503
109589464;KEH Ersatzkasse;01.10.1995;31.12.2007;105379202
109789466;KEH Ersatzkasse;01.10.1995;31.12.2007;105379224
109920514;BAHN-BKK RGS Bln 1;01.01.1991;01.01.1991;109920569
109920525;BAHN-BKK RGS Bln 2;01.01.1991;01.01.1991;109920569
109920536;BAHN-BKK RGS Cbs 3;01.01.1991;01.01.1991;109920569
109920547;BAHN-BKK RGS Cbs 4;01.01.1991;01.01.1991;109920569
109920558;BAHN-BKK RGS Cbs 5;01.01.1991;01.01.1991;109920569
109928328;BKK BVM;01.01.1991;31.12.2008;109939708
109928339;BKK BVM;01.01.1991;31.12.2008;109939708
109928340;BKK BVM;01.01.1991;31.12.2008;109939708
109928351;BKK BVM;01.01.1991;31.12.2008;109939708
109928362;BKK BVM;01.01.1991;31.12.2008;109939708
109929114;BAHN-BKK RGS Bln 6;01.01.1995;01.01.1995;109938503
109936829;BAHN-BKK RGS Cbs / West;01.01.2000;01.01.2000;109938503
109936830;BAHN-BKK RGS Süd / Ost;01.01.2000;01.01.2000;109920569
109936841;BAHN-BKK RGS Mitte-West / Ost;01.01.2000;01.01.2000;109920569
109936852;BAHN-BKK RGS Nord-West / Ost;01.01.2000;01.01.2000;109920569
109936863;BAHN-BKK RGS Süd / Ost;01.01.2000;01.01.2000;109920569
109936874;BAHN-BKK RGS Nord-West / Ost;01.01.2000;01.01.2000;109920569
109937944;BAHN-BKK VIP-K.Center/West;01.03.2001;01.03.2001;109938503
109937955;BAHN-BKK VIP-K.Center/Ost;01.03.2001;01.03.2001;109920569
109938046;BKK BVM/Ost;01.01.1991;31.12.2008;107538890
109938319;BAHN-BKK RGS Süd;01.01.1991;01.01.1991;109938503
109938320;BAHN-BKK RGS Mitte-West;01.01.1991;01.01.1991;109938503
109938331;BAHN-BKK RGS Nord-West;01.01.1991;01.01.1991;109938503
109938342;BAHN-BKK RGS Süd;01.01.1991;01.01.1991;109938503
109938353;BAHN-BKK RGS Nord-West;01.01.1991;01.01.1991;109938503
109939708;BKK BVM;01.01.1900;31.12.2008;107536262
109991291;Deutsche BKK/Ost;01.04.2003;01.04.2003;109921296
109991304;Deutsche BKK;01.04.2003;01.04.2003;109939003
109991996;BKK BVM;01.01.2004;31.12.2008;109939708
109992101;BKK BVM;01.07.2004;31.12.2008;109939708
105230101;HEAG BKK;01.12.1912;31.12.2015;105830517
108491465;BKK Linde NETZ-PPÄV;01.07.2003;31.12.2007;105830517
108891551;BKK Linde NETZ-PNWÜ;01.10.2003;01.10.2003;105830517
106215364;AOK RD Mainz;01.01.1994;31.12.1994;107310373
106215397;AOK RD Worms;01.01.1994;31.12.1994;107310373
106315014;AOK RD Bad Neuenahr-Ahrweiler;01.01.1994;31.12.1994;107310373
106315025;AOK RD Altenkirchen;01.01.1994;31.12.1994;107310373
106315058;AOK RD Idar-Oberstein;01.01.1994;31.12.1994;107310373
106315069;AOK RD Koblenz;01.01.1994;31.12.1994;107310373
106315070;AOK RD Bad Kreuznach;01.01.1994;31.12.1994;107310373
106315116;AOK RD Neuwied;01.01.1994;31.12.1994;107310373
106315252;AOK RD Diez;01.01.1994;31.12.1994;107310373
106315263;AOK RD Simmern;01.01.1994;31.12.1994;107310373
106315274;AOK RD Mayen;01.01.1994;31.12.1994;107310373
106315285;AOK RD Cochem;01.01.1994;31.12.1994;107310373
106315296;AOK RD Montabaur;01.01.1994;31.12.1994;107310373
106415300;AOK RD Germersheim;01.01.1994;31.12.1994;107310373
106415311;AOK RD Kaiserslautern;01.01.1994;31.12.1994;107310373
106415322;AOK RD Kirchheimbolanden;01.01.1994;31.12.1994;107310373
106415333;AOK RD Kusel;01.01.1994;31.12.1994;107310373
106415344;AOK RD Landau;01.01.1994;31.12.1994;107310373
106415355;AOK RD Ludwigshafen;01.01.1994;31.12.1994;107310373
106415377;AOK RD Neustadt a.d.W.;01.01.1994;31.12.1994;107310373
106415388;AOK RD Pirmasens;01.01.1994;31.12.1994;107310373
106515209;AOK RD Bitburg;01.01.1994;31.12.1994;107310373
106515210;AOK RD Daun;01.01.1994;31.12.1994;107310373
106515221;AOK RD Trier;01.01.1994;31.12.1994;107310373
106515232;AOK RD Wittlich;01.01.1994;31.12.1994;107310373
108353709;BARMER GEK (MQM);01.01.2007;31.08.2010;104940005
109780003;BARMER GEK (Berlin Ost);01.01.2007;31.08.2010;104940005
104124029;Saint Gobain BKK;01.01.2007;31.12.2012;101560000
104131368;Saint Gobain BKK;01.01.2007;31.12.2012;101560000
101536919;BKK Hamburg-Mannheimer;01.10.2000;31.12.2003;105830016
101536920;BKK Hamburg-Mannheimer/Ost;01.10.2000;31.12.2003;105836717
105830540;BKK Vita Dyckerhoff & Partner;01.01.1900;30.09.2007;105830016
105921210;BKK Vita Dyckerh.&Partner/Ost;01.04.1991;30.09.2007;105836717
107535396;BKK Gesundheit / ehem. Fahr West;31.12.1954;31.05.2016;105830016
107535409;BKK Gesundheit / ehem. Fahr Ost;31.12.1954;31.05.2016;105836717
107629981;BKK FAHR DIR.OFFENBURG /Gesundheit;01.04.1952;01.01.2008;107535396
107629992;BKK FAHR OFFENBURG/Ost / Gesundheit;01.01.1991;01.01.2008;107535409
107829712;BKK Gesundheit/West;01.01.1996;31.12.2009;105830016
107829723;BKK Gesundheit/Ost;01.01.1996;31.12.2009;105836717
107929713;BKK Gesundheit/West;01.04.2002;01.04.2002;107829712
107929724;BKK Gesundheit/Ost;01.04.2002;01.04.2002;107829723
108892095;TAUNUS BKK NETZ-PNWÜ;01.07.2004;01.07.2004;105830016
108492080;TAUNUS BKK NETZ-PPÄV;01.07.2004;31.12.2007;105830016
108992052;TAUNUS BKK NETZ-ÄVON;01.07.2004;31.12.2007;105830016
108992063;TAUNUS BKK NETZ-MQR;01.07.2004;31.12.2007;105830016
101300130;IKK-Direkt (West);01.01.2007;31.03.2009;101575519
101302655;IKK-Direkt (Ost);01.01.2007;31.03.2009;101575519
104621748;BKK Kaufhof (Geschäftsbereich neue Bundesländer);01.01.2007;30.06.2009;102171012
104625695;BKK Kaufhof;01.01.2007;30.06.2009;102171012
109530998;BKK Kaufhof (Praxisnetz);01.01.2007;30.06.2009;102171012
108432429;BKK Allianz;16.11.1920;31.07.2010;102171012
109720750;BKK Allianz Ost;01.01.1994;31.07.2010;102171012
101568008;Hamburg Münchener Krankenkasse (Hauptverwaltung West);01.01.2007;31.12.2009;101560000
101586408;Hamburg Münchener Krankenkasse (Hauptverwaltung Ost);01.01.2007;31.12.2009;101560000
100169991;Hamburg Münchener Krankenkasse (Mecklenburg-Vorpommern);01.01.2007;31.12.2009;101560000
100569995;Hamburg Münchener Krankenkasse (Brandenburg);01.01.2007;31.12.2009;101560000
100969999;Hamburg Münchener Krankenkasse (Sachsen-Anhalt);01.01.2007;31.12.2009;101560000
101369995;Hamburg Münchener Krankenkasse (Schleswig-Holstein);01.01.2007;31.12.2009;101560000
101569997;Hamburg Münchener Krankenkasse (Hamburg);01.01.2007;31.12.2009;101560000
101769999;Hamburg Münchener Krankenkasse (Niedersachsen);01.01.2007;31.12.2009;101560000
103069996;Hamburg Münchener Krankenkasse (Bremen);01.01.2007;31.12.2009;101560000
103469990;Hamburg Münchener Krankenkasse (Westfalen-Lippe);01.01.2007;31.12.2009;101560000
104069998;Hamburg Münchener Krankenkasse (Nordrhein);01.01.2007;31.12.2009;101560000
105069991;Hamburg Münchener Krankenkasse (Thüringen);01.01.2007;31.12.2009;101560000
105169992;Hamburg Münchener Krankenkasse (Hessen);01.01.2007;31.12.2009;101560000
106269995;Hamburg Münchener Krankenkasse (Rheinhessen);01.01.2007;31.12.2009;101560000
106369996;Hamburg Münchener Krankenkasse (Koblenz);01.01.2007;31.12.2009;101560000
106469997;Hamburg Münchener Krankenkasse (Pfalz);01.01.2007;31.12.2009;101560000
106569998;Hamburg Münchener Krankenkasse (Trier);01.01.2007;31.12.2009;101560000
106769990;Hamburg Münchener Krankenkasse (Nordbaden);01.01.2007;31.12.2009;101560000
107269997;Hamburg Münchener Krankenkasse (Sachsen);01.01.2007;31.12.2009;101560000
107369998;Hamburg Münchener Krankenkasse (Südbaden);01.01.2007;31.12.2009;101560000
107869993;Hamburg Münchener Krankenkasse (Südwürttemberg);01.01.2007;31.12.2009;101560000
108069997;Hamburg Münchener Krankenkasse (Nordwürttemberg);01.01.2007;31.12.2009;101560000
108369990;Hamburg Münchener Krankenkasse (Bayern);01.01.2007;31.12.2009;101560000
109369992;Hamburg Münchener Krankenkasse (Saarland);01.01.2007;31.12.2009;101560000
109569994;Hamburg Münchener Krankenkasse (Berlin West);01.01.2007;31.12.2009;101560000
109769996;Hamburg Münchener Krankenkasse (Berlin Ost);01.01.2007;31.12.2009;101560000
102400510;IKK Weser-Ems;30.12.2007;31.12.2007;103170002
101579001;HZK - Die Profikrankenkasse (Hauptverwaltung West);01.01.2007;30.06.2008;108079808
101589412;HZK - Die Profikrankenkasse (Hauptverwaltung Ost);01.01.2007;30.06.2008;108079808
100189450;HZK - Die Profikrankenkasse (Mecklenburg-Vorpommern);01.01.2007;30.06.2008;108079808
100589454;HZK - Die Profikrankenkasse (Brandenburg);01.01.2007;30.06.2008;108079808
100989458;HZK - Die Profikrankenkasse (Sachsen-Anhalt);01.01.2007;30.06.2008;108079808
101389454;HZK - Die Profikrankenkasse (Schleswig-Holstein);01.01.2007;30.06.2008;108079808
101589456;HZK - Die Profikrankenkasse (Hamburg);01.01.2007;30.06.2008;108079808
101789458;HZK - Die Profikrankenkasse (Niedersachsen);01.01.2007;30.06.2008;108079808
103089455;HZK - Die Profikrankenkasse (Bremen);01.01.2007;30.06.2008;108079808
103489459;HZK - Die Profikrankenkasse (Westfalen-Lippe);01.01.2007;30.06.2008;108079808
104089457;HZK - Die Profikrankenkasse (Nordrhein);01.01.2007;30.06.2008;108079808
105089450;HZK - Die Profikrankenkasse (Thüringen);01.01.2007;30.06.2008;108079808
105189451;HZK - Die Profikrankenkasse (Hessen);01.01.2007;30.06.2008;108079808
106289454;HZK - Die Profikrankenkasse (Rheinhessen);01.01.2007;30.06.2008;108079808
106389455;HZK - Die Profikrankenkasse (Koblenz);01.01.2007;30.06.2008;108079808
106489456;HZK - Die Profikrankenkasse (Pfalz);01.01.2007;30.06.2008;108079808
106589457;HZK - Die Profikrankenkasse (Trier);01.01.2007;30.06.2008;108079808
106789459;HZK - Die Profikrankenkasse (Nordbaden);01.01.2007;30.06.2008;108079808
107289456;HZK - Die Profikrankenkasse (Sachsen);01.01.2007;30.06.2008;108079808
107389457;HZK - Die Profikrankenkasse (Südbaden);01.01.2007;30.06.2008;108079808
107889452;HZK - Die Profikrankenkasse (Südwürttemberg);01.01.2007;30.06.2008;108079808
108089456;HZK - Die Profikrankenkasse (Nordwürttemberg);01.01.2007;30.06.2008;108079808
108389459;HZK - Die Profikrankenkasse (Bayern);01.01.2007;30.06.2008;108079808
109389451;HZK - Die Profikrankenkasse (Saarland);01.01.2007;30.06.2008;108079808
109589453;HZK - Die Profikrankenkasse (Berlin West);01.01.2007;30.06.2008;108079808
109789455;HZK - Die Profikrankenkasse (Berlin Ost);01.01.2007;30.06.2008;108079808
101908748;LKK Niedersachsen-Bremen;01.01.2005;31.12.2009;102108731
102408723;LKK Niedersachsen-Bremen;01.01.2005;31.12.2009;102108731
103708751;LKK Nordrhein-Westfalen;01.01.2005;31.12.2009;103708773
104208769;LKK Nordrhein-Westfalen;01.01.2005;31.12.2009;103708773
105208795;LKK Hessen, Rheinland-Pfalz und Saarland;01.01.2005;31.12.2009;105508787
106408802;LKK Hessen, Rheinland-Pfalz und Saarland;01.01.2005;31.12.2009;105508787
109308818;LKK Hessen, Rheinland-Pfalz und Saarland;01.01.2005;31.12.2009;105508787
109709049;LKK  Mittel- u. Ostdeutschland;01.01.2005;31.12.2009;100609049
108209075;LKK  Mittel- u. Ostdeutschland;01.01.2005;31.12.2009;100609049
106908874;LKK Baden-Württemberg;01.01.2005;01.01.2005;108008880
108508863;LKK Franken und Oberbayern;01.01.2005;31.12.2009;108608820
108609148;LKK Franken und Oberbayern;01.01.2005;31.12.2009;108608820
108809059;LKK Franken und Oberbayern;01.01.2005;31.12.2009;108608820
108808844;LKK Franken und Oberbayern;01.01.2005;31.12.2009;108608820
109108850;LKK Niederbayern/Oberpfalz und Schwaben;01.01.2005;31.12.2009;109008837
101002970;Die nord- und mitteldeutsche IKK (Ost);01.04.2003;31.03.2010;103500706
101003005;Die nord- und mitteldeutsche IKK (West);01.04.2003;31.03.2010;103500693
101900443;Die nord- und mitteldeutsche IKK (West) RD Ostfalen;01.01.1990;31.03.2003;101003005
102100389;Die nord- und mitteldeutsche IKK (West) RD Celle;01.01.1990;31.03.2003;101003005
102100540;Signal Iduna IKK RD Weserbergland;01.01.1990;31.12.2002;103500693
102700557;Signal Iduna IKK RD Rotenburg/Wümme;01.01.1990;31.12.2002;103500693
103500740;Signal Iduna IKK RD Bochum;01.01.2002;31.12.2003;103500693
103500784;Signal Iduna IKK RD Dortmund und Lünen;01.01.2002;31.12.2003;103500693
103500999;Signal Iduna IKK RD Siegen;01.01.2002;31.12.2003;103500693
103501024;Signal Iduna IKK RD Ennepe-Ruhr;01.01.2002;31.12.2003;103500693
103501046;Signal Iduna IKK RD Südwestfalen;01.01.1990;31.12.2001;103500693
103501068;Signal Iduna IKK RD Mitte;01.01.1990;31.12.2001;103500693
103529026;Signal Iduna  Hauptverwaltung (West);01.01.2010;30.06.2010;103500693
103529071;Signal Iduna  Hauptverwaltung (Ost);01.01.2010;30.06.2010;103500706
103700719;Signal Iduna IKK RD Ahlen;01.01.1990;31.12.2001;103500693
103700720;Signal Iduna IKK RD Bielefeld;01.01.1990;31.12.2001;103500693
103700797;Signal Iduna IKK RD Gelsenkirchen;01.01.1990;31.12.2001;103500693
103700924;Signal Iduna IKK RD Minden;01.01.1990;31.12.2001;103500693
103700957;Signal Iduna IKK RD Paderborn;01.01.1990;31.12.2001;103500693
103700968;Signal Iduna IKK RD Recklinghausen;01.01.1990;31.12.2001;103500693
103701004;Signal Iduna IKK RD Ibbenbüren;01.01.1990;31.12.2001;103500693
103701059;Signal Iduna IKK RD Bielefeld;01.01.1990;31.12.2001;103500693
103701071;Signal Iduna IKK RD Coesfeld;01.01.1990;31.12.2001;103500693
104101113;IKK Nordrhein RD Aachen;01.01.1990;31.12.2006;104001441
104101146;IKK Nordrhein RD Düren;01.01.1990;31.12.2006;104001441
104201158;IKK Nordrhein RD Düsseldorf-Neuss-Mettmann;01.01.1990;31.12.2006;104001441
104201249;IKK Nordrhein RD für den Kreis Mettmann;01.01.1990;31.12.2006;104001441
104401161;IKK Nordrhein RD Duisburg;01.01.1990;31.12.2006;104001441
104401207;IKK Nordrhein RD Kleve;01.01.1990;31.12.2006;104001441
104401252;IKK Nordrhein RD Wesel;01.01.1990;31.12.2006;104001441
104401412;IKK Nordrhein RD Kleve und Wesel;01.01.1990;31.12.2006;104001441
104501173;IKK Nordrhein RD Essen;01.01.1990;31.12.2006;104001441
104501264;IKK Nordrhein RD Mülheim;01.01.1990;31.12.2006;104001441
104501286;IKK Nordrhein RD Oberhausen;01.01.1990;31.12.2006;104001441
104601129;IKK Nordrhein RD Bergisch Land;01.01.1990;31.12.2006;104001441
104601130;IKK Nordrhein RD Bonn und Erftkreis;01.01.1990;31.12.2006;104001441
104601185;IKK Nordrhein RD Euskirchen;01.01.1990;31.12.2006;104001441
104601210;IKK Nordrhein RD Köln;01.01.1990;31.12.2006;104001441
104601301;IKK Nordrhein RD Siegburg;01.01.1990;31.12.2006;104001441
104601403;IKK Nordrhein RD Köln-Rhein-Sieg-Kreis;01.01.1990;31.12.2006;104001441
104801198;IKK Nordrhein RD Viersen;01.01.1990;31.12.2006;104001441
104801223;IKK Nordrhein RD Niederrhein;01.01.1990;31.12.2006;104001441
104801234;IKK Nordrhein RD Mönchengladbach;01.01.1990;31.12.2006;104001441
104901291;IKK Nordrhein RD Remscheid;01.01.1990;31.12.2006;104001441
104901315;IKK Nordrhein RD Solingen;01.01.1990;31.12.2006;104001441
104901326;IKK Nordrhein RD Wuppertal;01.01.1990;31.12.2006;104001441
105201516;IKK BaWü u. He. Bezirksdirektion Südhessen;01.01.1990;31.12.2000;105801603
105201527;IKK BaWü u. He. RD Bensheim;01.01.1990;31.12.2000;105801603
105301540;IKK BaWü u. He. RD Frankfurt;01.01.1990;31.12.2000;105801603
105301551;IKK BaWü u. He. GS Hanau;01.01.1990;31.12.2000;105801603
105301562;IKK BaWü u. He. GS Hofheim;01.01.1990;31.12.2000;105801603
105301584;IKK BaWü u. He. RD Offenbach;01.01.1990;31.12.2000;105801603
105401530;IKK BaWü u. He. Bezirksdirektion Nord- und Mittelhessen;01.01.1990;31.12.2000;105801603
105501575;IKK BaWü u. He. GS Kassel;01.01.1990;31.12.2000;105801603
105801590;IKK BaWü u. He. RD Wiesbaden;01.01.1990;31.12.2000;105801603
105801603;IKK Baden-Württemberg und Hessen (Hessen);01.01.2001;31.12.2006;108001963
105903116;IKK classic HV Erfurt;01.01.2001;25.08.2014;107202793
106003120;IKK Thüringen RD Südostthüringen;01.01.1990;31.12.2000;105903116
106301358;IKK Südwest-Plus RD Koblenz;01.01.1990;31.12.1994;106201379
106401348;IKK Südwest-Plus RD Westpfalz;01.01.1990;31.12.1994;106201379
106401360;IKK Südwest-Plus RD Vorderpfalz;01.01.1990;31.12.1993;106201379
106501383;IKK Südwest-Plus RD Trier;01.01.1990;31.12.1994;106201379
106801672;IKK BaWü u. He. RD Baden-Baden;01.01.1990;31.12.2006;108001963
106801730;IKK BaWü u. He. RD Freudenstadt;01.01.1990;31.12.2006;108001963
106901797;IKK BaWü u. He. RD Karlsruhe;01.01.1990;31.12.2006;108001963
107001756;IKK BaWü u. He. RD Heidelberg;01.01.1990;31.12.2006;108001963
107001825;IKK BaWü u. He. RD Mannheim;01.01.1990;31.12.2006;108001963
107101699;IKK BaWü u. He. RD Calw-Nagold-Neuenburg;01.01.1990;31.12.2006;108001963
107101859;IKK BaWü u. He. RD Pforzheim-Enzkreis;01.01.1990;31.12.2006;108001963
107401705;IKK BaWü u. He. RD Emmendingen;01.01.1990;31.12.2006;108001963
107401727;IKK BaWü u. He. RD Freiburg;01.01.1990;31.12.2006;108001963
107401807;IKK BaWü u. He. RD Lörrach;01.01.1990;31.12.2006;108001963
107501784;IKK BaWü u. He. RD Rottweil-Tuttlingen;01.01.1990;31.12.2006;108001963
107501864;IKK BaWü u. He. RD westlicher Bodensee;01.01.1990;31.12.2006;108001963
107501900;IKK BaWü u. He. RD Hochrhein;01.01.1990;31.12.2006;108001963
107501955;IKK BaWü u. He. RD Schwarzwald-Baar;01.01.1990;31.12.2006;108001963
107601843;IKK BaWü u. He. RD Ortenau;01.01.1990;31.12.2006;108001963
107702776;IKK Sachsen  RD Chemnitz;01.01.1990;31.12.1999;107202793
107702787;IKK Sachsen  RD Voigtland;01.01.1990;31.12.1999;107202793
107801878;IKK BaWü u. He. RD Bodensee-Oberschwaben;01.01.1990;31.12.2006;108001963
107801890;IKK BaWü u. He. RD Reutlingen-Tübingen;01.01.1990;31.12.2006;108001963
107801947;IKK BaWü u. He. RD Ulm;01.01.1990;31.12.2006;108001963
107902723;IKK Sachsen  RD Pirna;01.01.1990;31.12.1999;107202793
107902734;IKK Sachsen  RD Meißen;01.01.1990;31.12.1999;107202793
107902745;IKK Sachsen  RD Görlitz;01.01.1990;31.12.1999;107202793
107902756;IKK Sachsen  RD Bischofswerda;01.01.1990;31.12.1999;107202793
107902767;IKK Sachsen  RD Dresden;01.01.1990;31.12.1999;107202793
108001667;IKK BaWü u. He. RD Aalen;01.01.1990;31.12.2006;108001963
108001689;IKK BaWü u. He. RD Böblingen-Leonberg;01.01.1990;31.12.2006;108001963
108001714;IKK BaWü u. He. RD Esslingen;01.01.1990;31.12.2006;108001963
108001747;IKK BaWü u. He. RD Göppingen;01.01.1990;31.12.2006;108001963
108001769;IKK BaWü u. He. RD Heidenheim;01.01.1990;31.12.2006;108001963
108001770;IKK BaWü u. He. RD Heilbronn;01.01.1990;31.12.2006;108001963
108001816;IKK BaWü u. He. RD Ludwigsburg;01.01.1990;31.12.2006;108001963
108001838;IKK BaWü u. He. RD Nürtingen;01.01.1990;31.12.2006;108001963
108001883;IKK BaWü u. He. RD Rems-Murr;01.01.1990;31.12.2006;108001963
108001918;IKK BaWü u. He. RD Schwäbisch-Gmünd;01.01.1990;31.12.2006;108001963
108001929;IKK BaWü u. He. RD Stuttgart;01.01.1990;31.12.2006;108001963
108001930;IKK BaWü u. He. RD Main-Tauber;01.01.1990;31.12.2006;108001963
108001963;IKK classic HV Ludwigsburg;01.10.1995;24.07.2015;107202793
108001974;IKK Baden-Württemberg und Hessen (Mitarbeiterkasse);01.01.2006;31.12.2006;108001963
108202717;IKK Sachsen  RD Leipzig;01.01.1990;31.12.1999;107202793
108303526;Signal Iduna IKK GS Bayern;01.01.1990;31.12.2006;103500693
108402081;Signal Iduna IKK RD Oberbayern GS München;01.01.1990;31.12.2006;108303526
108403516;Signal Iduna IKK RD Oberbayern;01.01.1990;31.12.2006;108303526
108502048;Signal Iduna IKK RD Oberbayern GS Eichstätt;01.01.1990;31.12.2006;108303526
108502071;Signal Iduna IKK RD Oberbayern GS Ingolstadt;01.01.1990;31.12.2006;108303526
108502106;Signal Iduna IKK RD Oberbayern GS Neuburg-Schrobenhausen;01.01.1990;31.12.2006;108303526
108602038;Signal Iduna IKK RD Franken GS Bamberg;01.01.1990;31.12.2006;108303526
108602061;Signal Iduna IKK RD Franken HGS Hof;01.01.1990;31.12.2006;108303526
108702051;Signal Iduna IKK RD Franken HGS Erlangen;01.01.1990;31.12.2006;108303526
108702120;Signal Iduna IKK RD Franken HGS Nürnberg;01.01.1990;31.12.2006;108303526
108702142;Signal Iduna IKK RD Franken HGS Schwabach;01.01.1990;31.12.2006;108303526
108702175;Signal Iduna IKK RD Franken HGS Erlangen;01.01.1990;31.12.2006;108303526
108703508;Signal Iduna IKK RD Franken;01.01.1990;31.12.2006;108303526
108802165;Signal Iduna IKK RD Franken HGS Würzburg;01.01.1990;31.12.2006;108303526
108902019;Signal Iduna IKK RD Oberpfalz-Niederbayernrg;01.01.1990;31.12.2006;108303526
108902111;Signal Iduna IKK GS Neumarkt;01.01.1990;31.12.2006;108303526
108902133;Signal Iduna IKK GS Regensburg;01.01.1990;31.12.2006;108303526
108902155;Signal Iduna IKK GS Schwandorf;01.01.1990;31.12.2006;108303526
108902199;Signal Iduna IKK GS Oberpfalz-Niederbayern;01.01.1990;31.12.2006;108303526
109102024;Signal Iduna IKK HGS Augsburg;01.01.1990;31.12.2006;108303526
109102091;Signal Iduna IKK HGS Neu-Ulm;01.01.1990;31.12.2006;108303526
109102182;Signal Iduna IKK RD Schwaben;01.01.1990;31.12.2006;108303526
104229582;BKK Viktoria D.A.S. Ost;01.01.1991;31.12.2014;103501091
104229606;BKK Viktoria D.A.S.    (BIG direkt gesund plus);01.01.1990;31.12.2014;103501091
109531476;BKK Viktoria D.A.S.;01.01.1990;31.12.2014;103501091
